filename,person,color
mk-book-process.jpg,24,black
mk-gait-9.png,24,black
mk-ml-spread.png,24,black
mk-wall.jpg,24,black
bb-4.jpg,7,white
bb-5.jpg,7,black
ufo_4.jpg,7,white
ufo_6.jpg,7,white
ufo_7.jpg,7,white
02216.jpg,7,white
046.jpg,7,white
lettie-1.JPG,10,white
lettie-2.JPG,10,white
lettie-3.jpg,10,black
lettie-4.jpg,10,black
lettie-5.jpg,10,white
imogen-1.jpg,46,black
imogen-2.png,46,white
imogen-3.png,46,white
imogen-4.png,46,white
imogen-5.png,46,white
isobelj-1.jpg,22,black
isobelj-2.jpg,22,white
isobelj-3.jpg,22,white
isobelj-4.jpg,22,black
isobelj-5.png,22,white
willeels-1.jpg,18,white
willeels-2.jpg,18,black
willeels-3.jpg,18,black
willeels-4.jpg,18,black
Yannie_countingsheep_01.jpg,54,white
Yannie_Countingsheep_02.jpg,54,white
Yannie_Fireworks_01.jpg,54,black
Yannie_Fireworks_02.jpg,54,black
kcj-1.JPG,25,black
kcj-2.JPG,25,black
kcj-3.JPG,25,black
td-1.gif,14,black
td-2.gif,14,white
typespecimensheetback.jpg,16,white
typespecimensheetfront.jpg,16,white
simswoohoo1.jpg,16,white
simswoohoo2.jpg,16,white
simswoohoo3.jpg,16,white
simswoohoo4.jpg,16,white
km-1.jpg,28,white
km-2.gif,28,black
km-4.JPG,28,black
mr-1.jpg,36,white
FlashcardsA.jpg,30,black
FlashI.jpg,30,black
flashs.jpg,30,black
Poster1Mockup.jpg,30,black
Poster2Mockup.jpg,30,black
Poster3Mockup.jpg,30,black
IMG_5449.JPG,42,black
IMG_5515.JPG,42,black
IMG_5520.JPG,42,black
IMG_5519.JPG,42,black
33942016_10213924715606763_4262607603642662912_n.jpg,32,white
33866569_10156392127524350_1872597709467156480_n,11,black
33707813_10156392128359350_1700568029991010304_n,11,black
33788809_10211845373673754_2127694977025703936_n,39,black
47_Zeichenflache_1,4,black
10_Zeichenflache_1,4,black
IMG_9751.JPG,26,black
maniil.png,26,white
IMG_0364.jpg,26,black
20180526_163943_HDR.jpg,27,white
20180526_165413,27,black